EXCHANGE DATE,AFIN,AINM,ALLI,AMMB,ANCR,APES,BIMB,BMYS,CIMB,ECMI,ELKD,HLBB,HLCB,INSS,JHHS,KCDS,KNNK,LOND,MAAS,MBBM,MBSS,MNLF,MNRB,MPHB,PACO,PUBM,REDI,RHBC,TAKA,TUNE
1/1/2020,1.9,16.28,2.63,3.91,14.14,0.8,3.156,6.09,5.15,0.27,1.65,17.3,16.9,0.815,0.068,1.7,0.45,15.1,0.78,8.64,0.83,2.48,1.12,1.05,0.96,3.888,0.825,5.78,5.7,0.565
2/1/2020,1.89,16.6,2.62,3.94,14,0.8,3.142,6.09,5.2,0.27,1.66,17.3,17.12,0.825,0.068,1.68,0.45,15.16,0.76,8.75,0.84,2.48,1.11,1.04,0.955,3.98,0.825,5.74,5.68,0.565
3/1/2020,1.9,16.9,2.64,3.92,14,0.8,3.199,6.15,5.22,0.27,1.66,17.44,17.52,0.835,0.068,1.68,0.45,15.26,0.77,8.75,0.845,2.48,1.1,1.07,0.955,3.992,0.825,5.75,5.65,0.575
6/1/2020,1.89,16.72,2.6,3.83,14,0.8,3.192,6.08,5.22,0.275,1.67,17.6,17.68,0.84,0.072,1.66,0.45,15.44,0.77,8.65,0.835,2.43,1.1,1.07,0.955,3.98,0.82,5.74,5.6,0.57
7/1/2020,1.9,16.34,2.62,3.83,13.9,0.8,3.149,6.11,5.29,0.265,1.66,17.66,17.44,0.855,0.068,1.73,0.465,15.3,0.77,8.65,0.835,2.43,1.1,1.08,0.96,4.024,0.825,5.93,5.63,0.575
8/1/2020,1.88,15.8,2.58,3.8,13.62,0.78,3.142,6.06,5.17,0.265,1.65,17.56,17,0.845,0.068,1.69,0.445,15.04,0.76,8.54,0.825,2.43,1.09,1.06,0.95,3.92,0.815,5.84,5.63,0.555
9/1/2020,1.88,15.72,2.58,3.88,13.86,0.78,3.127,6.06,5.24,0.28,1.64,17.56,17.44,0.875,0.072,1.69,0.45,15.32,0.75,8.65,0.83,2.43,1.09,1.06,0.95,3.912,0.835,5.79,5.65,0.56
10/1/2020,1.9,15.34,2.59,3.89,13.8,0.78,3.156,6.11,5.2,0.255,1.66,17.56,17.28,0.88,0.072,1.7,0.445,15.14,0.75,8.65,0.83,2.43,1.09,1.05,0.95,3.908,0.86,5.85,5.79,0.56
13/1/2020,1.89,15.68,2.58,3.91,13.5,0.78,3.156,6.06,5.2,0.255,1.65,17.2,17.16,0.875,0.072,1.7,0.45,15.04,0.76,8.65,0.825,2.43,1.08,1.05,0.955,3.844,0.86,5.85,5.77,0.56
14/1/2020,1.9,15.9,2.58,3.85,13.5,0.78,3.156,6.06,5.18,0.255,1.66,16.84,16.94,0.88,0.068,1.68,0.455,15.04,0.76,8.65,0.83,2.43,1.09,1.05,0.95,3.828,0.865,5.82,5.73,0.565
15/1/2020,1.9,15.9,2.58,3.91,13.64,0.8,3.156,6.06,5.18,0.255,1.66,16.86,16.98,0.88,0.068,1.72,0.445,15.1,0.765,8.6,0.83,2.42,1.08,1.06,0.95,3.912,0.855,5.81,5.7,0.57
16/1/2020,1.88,15.98,2.57,3.9,13.42,0.8,2.998,6.05,5.17,0.255,1.65,16.96,16.98,0.885,0.068,1.7,0.45,15.08,0.765,8.61,0.825,2.42,1.09,1.07,0.95,3.912,0.85,5.81,5.11,0.565
17/1/2020,1.89,16,2.56,3.94,13.3,0.85,3.013,6.06,5.16,0.255,1.66,16.96,16.86,0.895,0.068,1.69,0.45,15.04,0.745,8.62,0.83,2.42,1.12,1.07,0.95,3.92,0.865,5.84,5.18,0.56
20/1/2020,1.87,15.94,2.55,3.88,13.38,0.8,2.919,6.05,5.12,0.255,1.64,16.9,16.88,0.9,0.068,1.7,0.445,15.06,0.75,8.6,0.83,2.46,1.1,1.12,0.95,3.896,0.855,5.85,5.27,0.565
21/1/2020,1.89,15.68,2.53,3.84,12.9,0.8,3.013,6.02,5.13,0.255,1.63,16.84,16.52,0.905,0.068,1.73,0.445,15.04,0.745,8.6,0.825,2.46,1.09,1.11,0.95,3.896,0.855,5.84,5.2,0.56
22/1/2020,1.86,15.78,2.49,3.82,13.06,0.8,2.912,6.05,5.03,0.255,1.65,16.24,16.56,0.9,0.063,1.71,0.445,15.1,0.75,8.55,0.825,2.46,1.08,1.08,0.945,3.804,0.83,5.84,5.18,0.55
23/1/2020,1.89,15.88,2.45,3.84,13,0.785,2.876,6.01,5.05,0.26,1.64,16.16,16.4,0.89,0.063,1.71,0.43,15.02,0.75,8.51,0.825,2.46,1.08,1.06,0.95,3.828,0.85,5.81,5.18,0.55
24/1/2020,1.88,14.86,2.47,3.83,13.06,0.785,2.869,5.97,5.06,0.26,1.64,16.14,16.4,0.905,0.068,1.71,0.43,15.04,0.75,8.53,0.825,2.46,1.09,1.07,0.95,3.836,0.84,5.85,4.83,0.55
27/1/2020,1.88,14.86,2.47,3.83,13.06,0.785,2.869,5.97,5.06,0.26,1.64,16.14,16.4,0.905,0.068,1.71,0.43,15.04,0.75,8.53,0.825,2.46,1.09,1.07,0.95,3.836,0.84,5.85,4.83,0.55
28/1/2020,1.86,14.34,2.42,3.77,13.26,0.785,2.805,5.78,4.96,0.26,1.66,15.78,16.18,0.89,0.063,1.67,0.425,15.1,0.745,8.46,0.81,2.45,1.07,1.06,0.95,3.792,0.84,5.74,4.59,0.52
29/1/2020,1.86,14.5,2.42,3.77,13.32,0.785,2.833,5.86,4.99,0.26,1.65,15.8,16.2,0.9,0.063,1.66,0.425,15.1,0.75,8.45,0.81,2.45,1.06,1.06,0.945,3.8,0.85,5.75,4.6,0.525
30/1/2020,1.85,14.62,2.44,3.78,13.32,0.785,2.833,5.68,4.95,0.255,1.64,15.78,16.22,0.89,0.063,1.68,0.43,15,0.75,8.49,0.81,2.45,1.06,1.07,0.945,3.78,0.835,5.73,4.58,0.525
31/1/2020,1.84,14.4,2.45,3.7,12.98,0.785,2.833,5.55,4.93,0.255,1.59,16,16.14,0.865,0.059,1.66,0.42,14.96,0.75,8.43,0.795,2.45,1.02,1.04,0.94,3.72,0.825,5.69,4.55,0.505
3/2/2020,1.84,13.92,2.41,3.69,13,0.785,2.719,5.45,4.85,0.255,1.57,15.88,16.16,0.845,0.063,1.64,0.42,14.8,0.74,8.36,0.78,2.46,1,1.04,0.94,3.712,0.82,5.69,4.3,0.475
4/2/2020,1.82,13.96,2.39,3.8,12.9,0.785,2.726,5.59,4.92,0.255,1.62,16,16.2,0.855,0.063,1.64,0.42,15.06,0.74,8.4,0.785,2.45,1.01,1.04,0.94,3.64,0.83,5.71,4.21,0.47
5/2/2020,1.82,14.06,2.41,3.83,12.9,0.785,2.769,5.75,4.98,0.28,1.62,15.98,16.32,0.85,0.063,1.64,0.415,15.1,0.78,8.36,0.79,2.45,1,1.05,0.94,3.6,0.835,5.7,4.25,0.48
6/2/2020,1.84,14.24,2.4,3.85,13.3,0.785,2.783,5.75,5.02,0.24,1.61,16.1,16.16,0.855,0.063,1.63,0.425,15.26,0.75,8.45,0.805,2.44,1.04,1.04,0.94,3.68,0.83,5.76,4.69,0.485
7/2/2020,1.83,14.3,2.47,3.83,13.22,0.77,2.797,5.86,5.15,0.24,1.63,16.1,17.28,0.85,0.063,1.63,0.42,15.22,0.745,8.51,0.8,2.44,1.04,1.04,0.94,3.668,0.83,5.75,4.77,0.485
10/2/2020,1.82,14.8,2.43,3.83,13.14,0.77,2.833,5.79,5.07,0.245,1.63,16.16,16.38,0.84,0.063,1.65,0.415,15.18,0.74,8.48,0.795,2.44,1.02,1.04,0.94,3.656,0.83,5.7,4.69,0.475
11/2/2020,1.83,14.92,2.45,3.87,13.2,0.77,2.797,5.72,5.08,0.245,1.63,16.14,16.38,0.835,0.063,1.64,0.415,15.18,0.75,8.54,0.8,2.44,1.02,1.03,0.94,3.66,0.825,5.72,4.7,0.48
12/2/2020,1.8,14.8,2.4,3.86,12.9,0.75,2.69,5.6,4.95,0.245,1.65,15.44,16.16,0.84,0.063,1.64,0.43,15.22,0.745,8.46,0.8,2.44,1.01,1.03,0.94,3.556,0.83,5.61,4.64,0.475
13/2/2020,1.8,14.78,2.41,3.85,13.32,0.745,2.719,5.66,4.88,0.245,1.63,15.14,16.06,0.84,0.063,1.64,0.43,15.22,0.75,8.46,0.795,2.44,1.01,1.04,0.94,3.56,0.845,5.64,4.71,0.475
14/2/2020,1.81,14.88,2.39,3.9,13.22,0.745,2.826,5.69,4.87,0.245,1.63,15.08,15.84,0.855,0.063,1.62,0.43,15.28,0.755,8.47,0.79,2.44,1.01,1.03,0.94,3.524,0.85,5.71,5.03,0.49
17/2/2020,1.85,15,2.43,3.89,13.28,0.745,2.79,5.75,4.92,0.245,1.66,15.16,16.1,0.86,0.063,1.64,0.435,14.72,0.745,8.49,0.79,2.44,1.01,1.04,0.94,3.524,0.84,5.67,5.03,0.505
18/2/2020,1.84,15.2,2.4,3.91,13.5,0.745,2.776,5.63,4.96,0.245,1.67,15.3,16.02,0.86,0.063,1.65,0.44,14.7,0.78,8.47,0.79,2.44,1,1.03,0.94,3.54,0.845,5.7,4.84,0.49
19/2/2020,1.83,15.34,2.4,3.88,13.78,0.745,2.776,5.56,4.95,0.245,1.63,15.34,16.1,0.86,0.063,1.64,0.455,14.6,0.755,8.4,0.785,2.44,1,1.03,0.94,3.588,0.885,5.75,4.84,0.49
20/2/2020,1.85,15.4,2.41,3.85,14.26,0.76,2.783,5.57,4.98,0.245,1.66,15.38,16.06,0.86,0.063,1.67,0.45,14.64,0.77,8.42,0.79,2.31,1.02,1.03,0.94,3.624,0.905,5.67,4.85,0.495
21/2/2020,1.84,15.6,2.38,3.81,13.9,0.76,2.769,5.57,5,0.24,1.66,15.32,16.04,0.86,0.063,1.67,0.44,14.66,0.785,8.41,0.785,2.31,1.03,1.03,0.94,3.628,0.885,5.71,4.9,0.495
24/2/2020,1.81,15.5,2.31,3.76,13.64,0.76,2.697,5.49,4.86,0.235,1.63,15.06,16.06,0.84,0.063,1.62,0.44,14.6,0.785,8.2,0.78,2.31,1,1.01,0.94,3.48,0.875,5.5,4.81,0.47
25/2/2020,1.81,15.48,2.32,3.76,13.88,0.76,2.704,5.5,4.9,0.23,1.63,15.12,15.8,0.845,0.063,1.62,0.43,14.62,0.76,8.28,0.775,2.31,1,1,0.94,3.504,0.875,5.56,4.77,0.47
26/2/2020,1.8,15.7,2.28,3.78,14,0.76,2.69,5.54,4.91,0.245,1.64,15.18,15.72,0.83,0.063,1.62,0.43,14.6,0.775,8.33,0.765,2.31,1,1.02,0.945,3.44,0.87,5.58,4.7,0.47
27/2/2020,1.78,15.7,2.28,3.77,14.08,0.76,2.697,5.52,4.86,0.245,1.64,15.46,15.72,0.81,0.068,1.62,0.43,14.56,0.77,8.52,0.765,2.37,1,1.02,0.945,3.46,0.87,5.61,4.81,0.465
28/2/2020,1.78,15.3,2.31,3.7,13.8,0.76,2.711,5.51,4.82,0.235,1.62,15.3,15.3,0.76,0.063,1.55,0.425,14.5,0.785,8.42,0.77,2.37,0.95,1,0.945,3.42,0.84,5.55,4.74,0.435
2/3/2020,1.77,14.98,2.23,3.63,14,0.75,2.675,5.47,4.6,0.24,1.62,15.02,15.2,0.75,0.068,1.57,0.42,14.5,0.745,8.39,0.755,2.35,0.94,1.01,0.94,3.416,0.845,5.49,4.57,0.42
3/3/2020,1.78,15.44,2.23,3.63,13.6,0.72,2.675,5.44,4.5,0.24,1.61,15.6,15.3,0.76,0.063,1.6,0.425,14.5,0.75,8.41,0.765,2.39,0.94,1,0.94,3.552,0.86,5.64,4.57,0.415
4/3/2020,1.8,15.2,2.22,3.7,13.76,0.72,2.661,5.46,4.54,0.235,1.58,15.86,15.9,0.75,0.063,1.6,0.425,14.5,0.75,8.47,0.765,2.39,0.935,1,0.94,3.58,0.865,5.71,4.49,0.41
5/3/2020,1.76,15.18,2.26,3.7,13.68,0.72,2.668,5.48,4.5,0.235,1.61,15.64,15.84,0.76,0.059,1.6,0.44,14.58,0.75,8.53,0.76,2.39,0.935,0.99,0.94,3.6,0.87,5.71,4.6,0.425
6/3/2020,1.74,14.96,2.22,3.69,13.84,0.72,2.668,5.41,4.44,0.225,1.58,15.54,15.8,0.745,0.063,1.57,0.435,14.5,0.75,8.5,0.755,2.39,0.925,0.99,0.94,3.532,0.86,5.7,4.5,0.41
9/3/2020,1.62,14.4,2.1,3.6,13.5,0.72,2.618,5.23,4.2,0.22,1.45,15.16,15.1,0.68,0.059,1.42,0.4,14.4,0.74,8.24,0.705,2.34,0.83,0.94,0.935,3.404,0.805,5.47,4.39,0.36
10/3/2020,1.62,14.56,2.06,3.63,13.46,0.69,2.611,5.25,4.35,0.27,1.52,15.08,14.7,0.665,0.059,1.4,0.405,14.3,0.755,8.37,0.7,2.34,0.85,0.925,0.935,3.46,0.825,5.54,4.25,0.36
11/3/2020,1.62,14.62,2.1,3.58,13.46,0.69,2.654,5.29,4.39,0.27,1.49,15.06,14.34,0.68,0.054,1.4,0.425,14.3,0.76,8.39,0.73,2.36,0.85,0.895,0.935,3.36,0.82,5.58,4.3,0.355
12/3/2020,1.56,14.14,1.99,3.43,13.22,0.795,2.582,5.28,4.27,0.27,1.45,14.62,14.02,0.635,0.059,1.35,0.415,14.28,0.72,8.28,0.69,2.3,0.78,0.86,0.935,3.24,0.78,5.5,4.2,0.325
13/3/2020,1.55,13.6,1.87,3.16,12.36,0.69,2.467,5.14,4.01,0.27,1.4,13.3,13.5,0.6,0.05,1.3,0.4,14.04,0.695,7.88,0.65,2.15,0.74,0.79,0.93,3.06,0.75,5.19,3.9,0.3
16/3/2020,1.47,13.1,1.67,3,10.7,0.66,2.216,4.9,3.6,0.27,1.28,13,12.38,0.53,0.041,1.2,0.39,11.5,0.7,7.29,0.575,2.15,0.65,0.735,0.925,2.9,0.7,4.8,3.19,0.27
17/3/2020,1.44,12.5,1.6,3.05,9.8,0.8,2.13,4.82,3.49,0.27,1.19,12.58,11.9,0.49,0.036,1.05,0.385,11.2,0.64,7.36,0.55,1.76,0.605,0.71,0.915,2.78,0.69,4.69,3.44,0.265
18/3/2020,1.44,12.42,1.61,3.05,9.09,0.8,2.094,4.71,3.35,0.27,1.13,12.42,12.2,0.445,0.032,1.01,0.37,10.9,0.745,7.26,0.52,1.76,0.57,0.625,0.91,2.604,0.705,4.55,3.34,0.25
19/3/2020,1.33,11.58,1.57,2.93,7.96,0.75,2.03,4.42,3.14,0.22,1.14,11.98,11.38,0.38,0.032,0.97,0.355,10.16,0.645,7.08,0.47,1.75,0.525,0.52,0.88,2.532,0.695,4.28,3.17,0.23
20/3/2020,1.37,12.02,1.68,3.03,8.58,0.75,2.08,4.7,3.64,0.25,1.15,12.5,12.4,0.45,0.036,0.98,0.385,10.82,0.635,7.51,0.53,1.76,0.52,0.565,0.88,2.808,0.72,4.97,3.2,0.26
23/3/2020,1.38,11.62,1.6,2.9,7.86,0.75,2.023,4.56,3.29,0.25,1.13,12.7,12.14,0.41,0.036,0.9,0.385,10.18,0.58,7.12,0.495,1.76,0.5,0.535,0.875,2.78,0.7,4.72,3.15,0.23
24/3/2020,1.41,12.78,1.71,2.91,7.98,0.73,2.023,4.52,3.44,0.245,1.13,14.2,13,0.425,0.036,0.92,0.385,10.58,0.58,7.3,0.52,1.76,0.505,0.565,0.875,3.048,0.73,5,3.31,0.245
25/3/2020,1.41,12.7,1.78,2.93,8.2,0.71,2.066,4.6,3.52,0.24,1.13,14.2,13.44,0.485,0.036,0.94,0.385,11.1,0.595,7.3,0.525,1.76,0.51,0.56,0.865,3.144,0.735,4.9,3.55,0.245
26/3/2020,1.41,12.68,1.85,2.9,8.31,0.71,2.102,4.78,3.5,0.255,1.13,14.2,13.04,0.47,0.036,0.945,0.405,11.04,0.59,7.27,0.535,1.76,0.53,0.58,0.865,3.108,0.725,4.95,3.53,0.255
27/3/2020,1.42,12.78,1.91,2.93,8.48,0.71,2.145,4.95,3.57,0.255,1.17,14.2,13.6,0.48,0.036,1.05,0.41,11.52,0.59,7.37,0.555,1.77,0.55,0.585,0.86,3.18,0.74,4.97,3.49,0.26
30/3/2020,1.41,12.48,1.87,3,8.22,0.7,2.173,5,3.51,0.255,1.14,13.42,13.8,0.48,0.036,1.02,0.39,11.42,0.56,7.31,0.54,1.77,0.535,0.585,0.86,3.164,0.72,4.79,3.28,0.25
31/3/2020,1.44,12.48,1.9,3,8.4,0.7,2.331,5.05,3.6,0.255,1.16,13.46,13.68,0.49,0.036,1.07,0.39,11.6,0.57,7.45,0.56,1.77,0.565,0.59,0.86,3.18,0.745,4.69,3.25,0.265
1/4/2020,1.41,12.5,1.86,2.94,8.6,0.705,2.331,4.99,3.53,0.255,1.15,13.22,12.8,0.48,0.041,1.11,0.4,11.66,0.56,7.32,0.56,1.65,0.56,0.61,0.86,3.136,0.75,4.55,3.22,0.27
2/4/2020,1.43,12.52,1.86,2.92,8.8,0.705,2.324,4.99,3.52,0.255,1.15,13.14,12.7,0.495,0.036,1.08,0.4,11.7,0.56,7.34,0.575,1.65,0.58,0.635,0.86,3.16,0.745,4.61,3.25,0.3
3/4/2020,1.42,12.54,1.84,2.92,8.69,0.705,2.317,4.99,3.5,0.255,1.15,13.14,12.3,0.5,0.041,1.08,0.395,11.62,0.59,7.4,0.58,1.65,0.585,0.615,0.8,3.14,0.75,4.56,3.29,0.295
6/4/2020,1.43,12.56,1.88,2.95,8.69,0.705,2.324,4.99,3.5,0.245,1.18,13.16,12.3,0.54,0.05,1.1,0.405,11.84,0.55,7.65,0.6,1.8,0.6,0.635,0.8,3.18,0.755,4.66,3.3,0.3
7/4/2020,1.45,12.66,1.9,2.99,8.8,0.705,2.346,5.04,3.56,0.255,1.21,13.4,12.44,0.575,0.045,1.16,0.41,11.98,0.58,7.83,0.645,1.75,0.64,0.67,0.82,3.18,0.785,4.6,3.52,0.31
8/4/2020,1.45,12.76,1.89,2.95,8.82,0.7,2.36,5.1,3.52,0.23,1.17,13.32,12.3,0.555,0.045,1.17,0.41,11.9,0.58,7.87,0.625,1.8,0.645,0.67,0.82,3.164,0.775,4.66,3.72,0.305
9/4/2020,1.5,12.82,1.92,2.95,9.14,0.695,2.396,5.2,3.54,0.225,1.21,13.36,12.5,0.565,0.054,1.27,0.405,11.92,0.57,7.9,0.62,1.78,0.66,0.7,0.82,3.176,0.775,4.7,3.9,0.3
10/4/2020,1.52,13.1,1.9,2.96,8.98,0.695,2.367,5.22,3.52,0.25,1.2,13.34,12.66,0.56,0.054,1.32,0.395,11.9,0.635,7.5,0.61,1.73,0.655,0.695,0.83,3.176,0.775,4.69,3.93,0.305
13/4/2020,1.48,13.34,1.88,2.96,8.81,0.615,2.317,5.28,3.5,0.25,1.19,13.32,12.62,0.55,0.05,1.32,0.41,11.9,0.605,7.45,0.595,1.7,0.65,0.685,0.81,3.168,0.765,4.7,4.02,0.3
14/4/2020,1.48,13.98,1.9,2.98,8.8,0.68,2.317,5.37,3.57,0.24,1.18,13.5,12.6,0.57,0.054,1.33,0.42,12,0.66,7.58,0.6,1.78,0.67,0.71,0.8,3.168,0.775,4.71,4.36,0.305
15/4/2020,1.5,14.1,1.88,3.03,8.8,0.65,2.346,5.7,3.56,0.22,1.19,13.56,12.6,0.57,0.054,1.35,0.42,12,0.68,7.64,0.6,1.91,0.71,0.715,0.8,3.168,0.78,4.73,4.24,0.295
16/4/2020,1.53,14.12,1.89,3.06,8.74,0.68,2.353,5.85,3.55,0.22,1.2,13.48,12.86,0.57,0.05,1.26,0.44,12.7,0.68,7.58,0.605,1.91,0.725,0.73,0.8,3.188,0.79,4.79,4.29,0.305
17/4/2020,1.57,14.2,1.92,3.1,8.98,0.68,2.439,5.88,3.63,0.23,1.23,13.74,13.4,0.585,0.054,1.35,0.435,13.2,0.72,7.7,0.615,1.92,0.73,0.74,0.815,3.208,0.805,4.8,4.45,0.32
20/4/2020,1.57,14.32,1.98,3.02,9.41,0.69,2.417,5.73,3.77,0.23,1.26,13.78,13.76,0.575,0.054,1.35,0.445,13.42,0.7,7.69,0.62,1.88,0.695,0.73,0.82,3.232,0.815,4.7,4.54,0.35
21/4/2020,1.57,14,1.93,3.01,9.32,0.69,2.324,5.73,3.61,0.23,1.22,13.48,13.56,0.56,0.054,1.3,0.435,13.16,0.72,7.56,0.605,1.87,0.67,0.72,0.805,3.148,0.795,4.69,4.4,0.325
22/4/2020,1.55,14,1.93,3.01,9.2,0.67,2.324,5.74,3.49,0.23,1.22,13.44,13.3,0.58,0.05,1.3,0.43,13.08,0.7,7.5,0.605,1.87,0.685,0.72,0.82,3.144,0.795,4.76,4.38,0.335
23/4/2020,1.56,14,1.95,2.98,9.25,0.67,2.324,5.8,3.49,0.23,1.2,13.3,12.8,0.58,0.054,1.34,0.44,13.18,0.66,7.42,0.61,1.84,0.71,0.72,0.825,3.172,0.795,4.71,4.38,0.325
24/4/2020,1.54,13.9,1.93,2.96,9.14,0.67,2.324,5.78,3.5,0.23,1.22,13.24,12.8,0.575,0.059,1.34,0.455,12.98,0.68,7.36,0.605,1.84,0.715,0.7,0.78,3.164,0.795,4.7,4.27,0.325
27/4/2020,1.53,14,1.96,2.97,9.17,0.67,2.259,5.75,3.52,0.225,1.2,13.24,12.8,0.575,0.059,1.34,0.445,12.98,0.72,7.4,0.62,1.86,0.705,0.69,0.81,3.152,0.795,4.69,4.24,0.335
28/4/2020,1.53,13.96,1.95,2.92,9,0.675,2.259,5.77,3.41,0.2,1.19,13.2,12.68,0.59,0.063,1.34,0.445,12.7,0.72,7.36,0.615,1.8,0.71,0.715,0.81,3.188,0.8,4.63,4.23,0.33
29/4/2020,1.52,14.08,1.96,2.94,9,0.675,2.252,5.8,3.37,0.22,1.21,13.24,13.22,0.6,0.059,1.35,0.445,12.96,0.72,7.41,0.62,1.8,0.73,0.71,0.81,3.2,0.8,4.63,4.27,0.35
30/4/2020,1.52,14.06,1.95,2.98,9.11,0.7,2.267,5.95,3.45,0.21,1.21,13.3,13.1,0.615,0.063,1.33,0.455,13.06,0.685,7.57,0.635,1.8,0.725,0.715,0.815,3.276,0.81,4.75,4.41,0.355
1/5/2020,1.52,14.06,1.95,2.98,9.11,0.7,2.267,5.95,3.45,0.21,1.21,13.3,13.1,0.615,0.063,1.33,0.455,13.06,0.685,7.57,0.635,1.8,0.725,0.715,0.815,3.276,0.81,4.75,4.41,0.355
4/5/2020,1.52,13.9,1.96,2.92,9.02,0.7,2.267,5.95,3.41,0.21,1.23,13.2,13.02,0.59,0.059,1.32,0.46,12.98,0.685,7.38,0.63,1.8,0.705,0.705,0.805,3.172,0.82,4.62,4.32,0.345
5/5/2020,1.53,14.04,1.99,2.94,9.27,0.7,2.31,5.96,3.43,0.2,1.27,13.3,12.9,0.615,0.063,1.34,0.465,13.02,0.685,7.48,0.645,1.76,0.715,0.725,0.805,3.212,0.84,4.67,4.41,0.35
6/5/2020,1.52,14.1,2.02,2.92,9.29,0.7,2.288,5.95,3.41,0.22,1.3,13.2,12.8,0.61,0.063,1.34,0.465,12.62,0.73,7.41,0.65,1.76,0.715,0.765,0.81,3.148,0.86,4.62,4.38,0.35
7/5/2020,1.52,14.1,2.02,2.92,9.29,0.7,2.288,5.95,3.41,0.22,1.3,13.2,12.8,0.61,0.063,1.34,0.465,12.62,0.73,7.41,0.65,1.76,0.715,0.765,0.81,3.148,0.86,4.62,4.38,0.35
8/5/2020,1.54,13.9,2.07,2.91,9.3,0.7,2.274,5.98,3.44,0.22,1.32,13.4,12.82,0.625,0.068,1.31,0.47,12.98,0.71,7.41,0.68,1.76,0.71,0.765,0.805,3.148,0.875,4.66,4.39,0.35
11/5/2020,1.54,13.9,2.07,2.91,9.3,0.7,2.274,5.98,3.44,0.22,1.32,13.4,12.82,0.625,0.068,1.31,0.47,12.98,0.71,7.41,0.68,1.76,0.71,0.765,0.805,3.148,0.875,4.66,4.39,0.35
12/5/2020,1.54,13.9,2.05,2.9,9.2,0.7,2.245,5.97,3.41,0.2,1.38,13.26,12.7,0.64,0.068,1.32,0.475,13.02,0.69,7.44,0.665,1.78,0.7,0.77,0.805,3.104,0.885,4.6,4.41,0.34
13/5/2020,1.55,13.94,2.04,2.9,9.09,0.705,2.259,5.99,3.5,0.205,1.34,13.4,12.7,0.645,0.068,1.27,0.475,13.02,0.69,7.39,0.66,1.88,0.685,0.78,0.815,3.12,0.88,4.63,4.39,0.34
14/5/2020,1.53,13.8,2.02,2.9,8.99,0.72,2.252,6.49,3.41,0.205,1.34,13.44,12.62,0.63,0.063,1.27,0.525,12.98,0.685,7.4,0.65,1.8,0.67,0.775,0.825,3.084,0.87,4.69,4.41,0.325
15/5/2020,1.54,13.86,2.04,2.95,9.03,0.72,2.259,6.63,3.46,0.225,1.35,13.5,12.9,0.63,0.068,1.27,0.54,13.02,0.7,7.4,0.655,1.8,0.67,0.775,0.815,3.068,0.88,4.7,4.54,0.34
18/5/2020,1.53,13.86,2.06,2.92,9.02,0.745,2.367,7.5,3.46,0.215,1.37,13.5,12.82,0.64,0.072,1.26,0.585,13.02,0.685,7.41,0.665,1.8,0.685,0.76,0.8,3.072,0.9,4.75,4.72,0.345
19/5/2020,1.54,13.82,2.1,2.94,9.09,0.775,2.467,7.35,3.48,0.215,1.36,13.52,13.28,0.635,0.068,1.26,0.575,13.04,0.71,7.45,0.665,1.8,0.68,0.775,0.805,3.1,0.92,4.75,4.67,0.35
20/5/2020,1.55,13.98,2.11,2.98,9.08,0.78,2.582,7.49,3.48,0.215,1.37,13.52,13.1,0.65,0.063,1.29,0.55,13.2,0.705,7.49,0.685,1.8,0.68,0.79,0.815,3.092,0.93,4.75,4.59,0.355
21/5/2020,1.56,14,2.14,3.06,9.03,0.78,2.668,7.75,3.56,0.235,1.39,13.48,13.3,0.64,0.063,1.36,0.55,13.28,0.69,7.51,0.69,1.82,0.715,0.82,0.795,3.096,0.95,4.82,4.57,0.35
22/5/2020,1.55,13.9,2.09,3,9.05,0.795,2.568,7.8,3.47,0.235,1.37,13.4,13.32,0.605,0.068,1.32,0.535,13.24,0.7,7.43,0.665,1.9,0.68,0.795,0.79,3.052,0.93,4.74,4.49,0.34
25/5/2020,1.55,13.9,2.09,3,9.05,0.795,2.568,7.8,3.47,0.235,1.37,13.4,13.32,0.605,0.068,1.32,0.535,13.24,0.7,7.43,0.665,1.9,0.68,0.795,0.79,3.052,0.93,4.74,4.49,0.34
26/5/2020,1.55,13.9,2.09,3,9.05,0.795,2.568,7.8,3.47,0.235,1.37,13.4,13.32,0.605,0.068,1.32,0.535,13.24,0.7,7.43,0.665,1.9,0.68,0.795,0.79,3.052,0.93,4.74,4.49,0.34
27/5/2020,1.54,13.9,2.09,2.98,9.04,0.76,2.582,7.8,3.42,0.225,1.37,13.58,13.4,0.61,0.072,1.3,0.56,13.3,0.69,7.4,0.66,1.91,0.685,0.77,0.805,3.048,0.965,4.7,4.37,0.32
28/5/2020,1.54,14.06,2.08,3,8.86,0.76,2.589,7.73,3.51,0.205,1.36,13.56,13.4,0.595,0.072,1.3,0.555,13.26,0.69,7.41,0.645,1.87,0.685,0.77,0.805,3.036,0.96,4.74,4.36,0.305
29/5/2020,1.59,14.18,2.1,3.17,8.98,0.77,2.568,7.65,3.77,0.23,1.34,13.6,13.4,0.62,0.063,1.34,0.56,13.2,0.685,7.5,0.66,1.92,0.705,0.78,0.8,2.932,0.96,4.77,4.3,0.31
1/6/2020,1.57,14.12,2.13,3.03,9,0.83,2.51,8.03,3.64,0.2,1.36,13.7,13.2,0.625,0.063,1.3,0.58,13.02,0.69,7.48,0.665,1.92,0.7,0.775,0.805,2.916,0.96,4.9,4.49,0.315
2/6/2020,1.6,14.26,2.18,3.05,9,0.88,2.525,8.35,3.68,0.225,1.36,14,13.18,0.645,0.072,1.28,0.61,13.04,0.69,7.51,0.675,1.93,0.715,0.775,0.8,3.128,0.955,4.96,4.47,0.345
3/6/2020,1.73,14.36,2.35,3.25,9.6,0.93,2.568,8.29,3.84,0.23,1.39,15.02,15,0.65,0.068,1.37,0.615,13.88,0.7,7.98,0.72,2,0.735,0.745,0.8,3.476,0.96,5.35,4.59,0.345
4/6/2020,1.8,14.92,2.41,3.26,10.3,0.94,2.618,8.4,3.96,0.22,1.4,15.28,15.46,0.65,0.068,1.35,0.61,14,0.69,8.19,0.745,2,0.745,0.775,0.805,3.5,0.96,5.5,4.58,0.345
5/6/2020,1.77,15.18,2.37,3.24,10,0.94,2.597,8.34,3.96,0.23,1.4,15.12,14.9,0.64,0.068,1.35,0.595,13.9,0.7,8.08,0.735,2.14,0.745,0.76,0.8,3.464,0.945,5.41,4.53,0.34
8/6/2020,1.77,15.18,2.37,3.24,10,0.94,2.597,8.34,3.96,0.23,1.4,15.12,14.9,0.64,0.068,1.35,0.595,13.9,0.7,8.08,0.735,2.14,0.745,0.76,0.8,3.464,0.945,5.41,4.53,0.34
9/6/2020,1.76,15.22,2.4,3.4,10.38,1.02,2.64,8.37,4.04,0.22,1.42,15.12,15.04,0.655,0.059,1.36,0.6,13.96,0.72,8.2,0.75,2.06,0.75,0.765,0.8,3.476,0.955,5.38,4.69,0.385
10/6/2020,1.74,15,2.39,3.39,10.34,1.1,2.64,8.38,4.05,0.22,1.43,15.24,15.04,0.67,0.063,1.34,0.61,13.96,0.715,8.2,0.745,2.06,0.77,0.775,0.785,3.468,0.965,5.19,4.74,0.38
11/6/2020,1.7,14.48,2.34,3.3,10.08,1,2.575,8.33,3.95,0.21,1.37,15.08,15.08,0.645,0.063,1.34,0.59,13.88,0.705,8.08,0.71,2.06,0.73,0.755,0.795,3.448,0.92,5.1,4.6,0.355
12/6/2020,1.68,14.4,2.31,3.23,9.8,1.04,2.554,8.19,3.81,0.23,1.36,15.3,15,0.63,0.059,1.32,0.57,13.86,0.695,7.91,0.705,1.98,0.715,0.755,0.795,3.36,0.915,5,4.65,0.35
15/6/2020,1.68,14.12,2.22,3.15,9.33,1.02,2.475,7.9,3.63,0.22,1.33,14.8,14.08,0.6,0.054,1.28,0.555,13.46,0.685,7.7,0.67,1.98,0.685,0.725,0.785,3.284,0.87,4.84,4.5,0.32
16/6/2020,1.69,14.3,2.28,3.14,9.6,1.06,2.503,8,3.73,0.26,1.35,14.78,14,0.62,0.063,1.28,0.565,13.6,0.71,7.76,0.685,2.02,0.69,0.73,0.79,3.284,0.905,4.86,4.55,0.335
17/6/2020,1.69,14.46,2.3,3.15,9.7,1.08,2.503,7.9,3.75,0.26,1.37,14.74,14.5,0.635,0.063,1.28,0.57,13.76,0.7,7.77,0.695,2.19,0.7,0.76,0.8,3.392,0.95,4.88,4.56,0.34
18/6/2020,1.65,14.44,2.28,3.12,9.53,1.13,2.503,7.43,3.7,0.26,1.37,14.58,14.12,0.62,0.063,1.28,0.56,13.5,0.69,7.71,0.69,2.23,0.7,0.76,0.8,3.36,0.95,4.86,4.56,0.34
19/6/2020,1.64,15.08,2.27,3.12,9.83,1.06,2.503,7.34,3.68,0.23,1.36,14.42,14.02,0.635,0.063,1.25,0.56,13.5,0.75,7.66,0.675,2.3,0.71,0.78,0.8,3.316,0.94,4.8,4.6,0.345
22/6/2020,1.62,14.94,2.27,3.27,9.88,1.01,2.439,7.22,3.69,0.22,1.36,14.26,14.28,0.64,0.059,1.25,0.565,13.4,0.72,7.66,0.675,2.24,0.715,0.79,0.8,3.356,0.94,4.8,4.51,0.34
23/6/2020,1.62,14.54,2.24,3.23,9.8,0.97,2.439,7.2,3.64,0.205,1.37,14.18,13.9,0.645,0.059,1.31,0.56,13.58,0.73,7.65,0.655,2.15,0.705,0.79,0.8,3.28,0.94,4.73,4.49,0.335
24/6/2020,1.6,14.5,2.25,3.23,9.79,1,2.439,7.29,3.62,0.21,1.37,14.2,13.78,0.645,0.059,1.31,0.555,13.56,0.73,7.64,0.66,2.3,0.72,0.79,0.795,3.296,0.94,4.8,4.5,0.335
25/6/2020,1.6,14.18,2.24,3.14,9.68,0.97,2.424,7.28,3.57,0.21,1.36,14.2,13.52,0.635,0.063,1.27,0.555,13.56,0.715,7.61,0.655,2.29,0.71,0.78,0.8,3.276,0.945,4.81,4.44,0.325
26/6/2020,1.57,14.22,2.2,3.13,9.36,0.97,2.475,7.28,3.58,0.21,1.36,14.2,13.48,0.635,0.054,1.27,0.555,13.4,0.715,7.62,0.63,2.29,0.715,0.77,0.8,3.312,0.945,4.81,4.44,0.33
29/6/2020,1.58,14.14,2.16,3.08,9.45,0.95,2.467,7.28,3.53,0.21,1.33,14.08,13.24,0.63,0.054,1.26,0.555,13.38,0.71,7.53,0.61,2.29,0.705,0.765,0.795,3.288,0.95,4.83,4.35,0.325
30/6/2020,1.58,14.1,2.18,3.11,9.51,0.95,2.453,7.28,3.56,0.21,1.33,14.08,13.1,0.64,0.059,1.25,0.55,13.4,0.72,7.51,0.62,2.29,0.725,0.76,0.79,3.3,0.95,4.79,4.45,0.33
1/7/2020,1.57,14.34,2.18,3.06,9.33,0.95,2.475,7.32,3.61,0.21,1.32,14.2,13.04,0.65,0.059,1.25,0.55,13.36,0.72,7.52,0.635,2.29,0.73,0.78,0.795,3.304,0.95,4.81,4.46,0.335
2/7/2020,1.6,14.2,2.16,3.1,9.35,0.9,2.467,7.75,3.69,0.21,1.33,14.46,13.06,0.65,0.059,1.24,0.565,13.5,0.7,7.62,0.62,2.26,0.755,0.76,0.79,3.388,0.955,4.87,4.55,0.335
3/7/2020,1.59,14.32,2.21,3.17,9.45,0.9,2.589,7.82,3.7,0.21,1.33,14.5,13.2,0.675,0.059,1.26,0.575,13.5,0.7,7.71,0.62,2.28,0.8,0.795,0.79,3.412,0.95,4.92,4.58,0.345
6/7/2020,1.57,14.26,2.19,3.16,9.51,0.92,2.561,7.87,3.7,0.21,1.34,14.54,13.46,0.72,0.059,1.24,0.585,13.48,0.71,7.83,0.615,2.3,0.86,0.84,0.79,3.468,0.96,4.97,4.66,0.345
7/7/2020,1.57,14.26,2.2,3.2,9.5,0.92,2.525,7.97,3.7,0.21,1.35,14.46,13.7,0.73,0.068,1.25,0.6,13.58,0.705,7.82,0.61,2.3,0.89,0.86,0.8,3.48,0.995,4.98,4.6,0.335
8/7/2020,1.6,14.28,2.18,3.23,9.77,0.92,2.561,8,3.8,0.22,1.35,14.54,13.8,0.755,0.068,1.3,0.6,13.8,0.735,7.91,0.615,2.26,0.88,0.9,0.79,3.6,1.04,5.06,4.62,0.325
9/7/2020,1.61,14.16,2.22,3.25,9.71,0.925,2.618,8.52,3.76,0.22,1.35,14.5,13.8,0.745,0.072,1.25,0.595,13.78,0.72,7.91,0.61,2.3,0.87,0.84,0.795,3.7,1.045,5.1,4.56,0.325
10/7/2020,1.6,13.92,2.2,3.25,9.5,0.925,2.546,8.35,3.81,0.225,1.35,14.52,13.98,0.755,0.072,1.23,0.59,13.72,0.71,7.9,0.61,2.28,0.855,0.8,0.795,3.7,1.02,5.09,4.53,0.33
13/7/2020,1.58,13.82,2.23,3.25,9.4,0.925,2.539,8.4,3.8,0.23,1.34,14.82,13.92,0.755,0.068,1.3,0.6,13.6,0.71,7.89,0.59,2.28,0.875,0.815,0.79,3.704,1.05,5.05,4.44,0.32
14/7/2020,1.57,13.64,2.19,3.18,9.36,0.925,2.489,8.35,3.71,0.22,1.35,14.8,13.96,0.735,0.063,1.23,0.595,13.58,0.715,7.86,0.58,2.23,0.84,0.785,0.78,3.74,1.025,5.01,4.44,0.32
15/7/2020,1.59,13.68,2.2,3.2,9.25,0.925,2.525,8.35,3.67,0.215,1.33,15.18,13.92,0.745,0.068,1.26,0.595,13.7,0.715,7.91,0.575,2.23,0.825,0.81,0.8,3.72,0.995,5.06,4.47,0.315
16/7/2020,1.58,13.7,2.2,3.14,9.26,0.925,2.439,8.6,3.67,0.215,1.33,15.02,14,0.735,0.068,1.25,0.6,13.5,0.72,7.82,0.575,2.22,0.825,0.79,0.795,3.684,0.965,5.01,4.46,0.315
17/7/2020,1.58,13.74,2.18,3.11,9.4,0.925,2.46,9.15,3.61,0.215,1.34,15.06,13.94,0.73,0.068,1.28,0.615,13.66,0.725,7.94,0.57,2.23,0.835,0.84,0.8,3.656,0.975,5.07,4.5,0.315
20/7/2020,1.58,14.1,2.2,3.12,9.44,0.99,2.439,9.75,3.53,0.215,1.35,15.06,13.82,0.725,0.063,1.27,0.71,13.6,0.725,7.82,0.56,2.18,0.855,0.825,0.8,3.528,0.975,5,4.44,0.305
21/7/2020,1.57,14,2.17,3.05,9.4,1.01,2.453,9.9,3.59,0.22,1.35,15.08,13.9,0.76,0.072,1.25,0.71,13.64,0.735,7.86,0.565,2.15,0.885,0.87,0.805,3.596,1,4.98,4.43,0.305
22/7/2020,1.59,14.12,2.19,3.05,9.41,1.19,2.446,9.71,3.55,0.22,1.36,15,13.84,0.75,0.072,1.22,0.69,13.52,0.74,7.85,0.57,2.23,0.875,0.86,0.81,3.572,0.995,4.99,4.45,0.3
23/7/2020,1.58,14.2,2.17,3.08,9.38,1.12,2.439,9.8,3.66,0.215,1.37,15.04,13.84,0.76,0.077,1.21,0.7,13.56,0.73,7.88,0.565,2.17,0.87,0.86,0.81,3.584,0.99,5,4.49,0.3
24/7/2020,1.58,14.08,2.19,3.03,9.41,1.11,2.446,9.8,3.57,0.22,1.37,15,13.9,0.745,0.072,1.2,0.705,13.56,0.73,7.85,0.56,2.19,0.855,0.86,0.81,3.544,0.98,4.97,4.5,0.295
27/7/2020,1.57,13.78,2.17,2.98,9.25,1.12,2.417,10.42,3.57,0.21,1.38,14.96,13.7,0.75,0.077,1.24,0.7,13.54,0.74,7.82,0.56,2.1,0.855,0.84,0.815,3.504,0.975,4.96,4.43,0.29
28/7/2020,1.64,13.66,2.17,2.98,9.21,1.13,2.446,10.04,3.59,0.21,1.37,14.98,13.5,0.805,0.081,1.26,0.78,13.56,0.74,7.83,0.55,2.07,0.84,0.815,0.8,3.504,0.975,5.01,4.48,0.285
29/7/2020,1.62,13.78,2.14,2.99,9.2,1.1,2.532,9.6,3.6,0.21,1.37,15,13.64,0.795,0.081,1.26,0.725,13.48,0.74,7.75,0.535,2.07,0.845,0.83,0.825,3.508,0.965,5,4.68,0.27
30/7/2020,1.62,13.4,2.14,2.9,9.2,1.1,2.446,9.29,3.59,0.215,1.36,15,13.44,0.79,0.072,1.21,0.705,13.4,0.73,7.67,0.535,2.07,0.825,0.805,0.825,3.4,0.95,5.02,4.82,0.275
31/7/2020,1.62,13.4,2.14,2.9,9.2,1.1,2.446,9.29,3.59,0.215,1.36,15,13.44,0.79,0.072,1.21,0.705,13.4,0.73,7.67,0.535,2.07,0.825,0.805,0.825,3.4,0.95,5.02,4.82,0.275
3/8/2020,1.62,13.18,2.11,2.89,9,1.06,2.424,9.6,3.46,0.215,1.39,14.3,12.86,0.83,0.072,1.22,0.71,13.2,0.725,7.5,0.525,2,0.785,0.81,0.825,3.312,0.97,4.92,4.75,0.31
4/8/2020,1.61,13.1,2.13,2.89,9,1.05,2.41,9.95,3.46,0.22,1.39,14.4,12.86,0.855,0.072,1.2,0.74,13.1,0.73,7.5,0.52,2.06,0.785,0.82,0.825,3.34,0.955,4.92,4.7,0.31
5/8/2020,1.62,13.2,2.15,2.89,8.99,1.11,2.367,10.6,3.43,0.235,1.44,14.42,12.62,0.89,0.081,1.22,0.83,13,0.73,7.47,0.52,2.01,0.835,0.89,0.81,3.336,0.95,4.84,4.7,0.305
6/8/2020,1.63,13.12,2.14,2.9,8.93,1.12,2.374,10.44,3.45,0.25,1.44,14.78,12.62,0.905,0.081,1.22,0.81,13,0.72,7.52,0.535,1.98,0.86,0.94,0.81,3.396,0.965,4.95,4.72,0.345
7/8/2020,1.62,13.1,2.12,2.9,8.8,1.07,2.389,10.36,3.44,0.25,1.43,14.7,12.5,0.9,0.118,1.21,0.835,12.98,0.72,7.5,0.525,1.98,0.83,0.915,0.8,3.352,0.955,4.91,4.8,0.32
10/8/2020,1.62,13.3,2.11,2.9,8.8,1.12,2.403,10.34,3.45,0.25,1.43,14.92,12.5,0.89,0.226,1.21,0.85,12.96,0.72,7.52,0.535,1.98,0.835,0.95,0.81,3.36,0.94,4.92,4.8,0.33
11/8/2020,1.55,13.08,2.11,2.89,8.73,1.13,2.396,10.2,3.44,0.245,1.46,14.92,12.5,0.875,0.172,1.2,0.865,12.92,0.72,7.49,0.535,2,0.84,0.925,0.8,3.384,0.94,4.86,4.85,0.325
12/8/2020,1.57,13.1,2.14,3.02,8.95,1.07,2.453,9.9,3.54,0.255,1.44,15,12.8,0.865,0.163,1.2,0.845,13.02,0.72,7.65,0.57,2,0.835,0.9,0.8,3.48,0.965,4.92,4.7,0.34
13/8/2020,1.57,13.12,2.2,3,9,1.07,2.496,9.57,3.6,0.24,1.44,15.02,12.94,0.875,0.145,1.21,0.845,13.26,0.72,7.8,0.585,1.98,0.835,0.91,0.8,3.56,0.97,5,4.85,0.335
14/8/2020,1.56,13.1,2.13,3.03,8.88,1.04,2.489,9.45,3.55,0.24,1.47,14.74,12.84,0.84,0.122,1.19,0.83,12.98,0.725,7.8,0.57,1.98,0.835,0.91,0.8,3.56,0.955,4.94,4.8,0.325
17/8/2020,1.54,13.1,2.14,3.03,8.94,1.04,2.503,9.5,3.57,0.245,1.48,14.68,13.26,0.825,0.127,1.19,0.84,13.2,0.73,7.81,0.55,2,0.835,0.9,0.8,3.56,0.965,4.96,4.77,0.32
18/8/2020,1.53,13.18,2.13,3.03,9,1.03,2.51,10,3.5,0.225,1.45,14.6,12.8,0.84,0.127,1.19,0.83,13.54,0.725,7.63,0.55,2,0.835,0.9,0.8,3.532,0.975,4.87,4.79,0.325
19/8/2020,1.49,13.12,2.12,3.01,9.14,1.06,2.51,10,3.46,0.22,1.45,14.54,12.6,0.85,0.158,1.19,0.835,13.68,0.725,7.64,0.545,2,0.835,0.86,0.8,3.496,0.96,4.88,4.8,0.33
20/8/2020,1.49,13.12,2.12,3.01,9.14,1.06,2.51,10,3.46,0.22,1.45,14.54,12.6,0.85,0.158,1.19,0.835,13.68,0.725,7.64,0.545,2,0.835,0.86,0.8,3.496,0.96,4.88,4.8,0.33
21/8/2020,1.52,13.1,2.12,2.98,9,1.06,2.51,9.94,3.43,0.22,1.43,14.6,12.58,0.865,0.154,1.18,0.89,13.68,0.73,7.55,0.545,1.96,0.835,0.89,0.79,3.46,0.97,4.8,4.95,0.335
24/8/2020,1.49,13.12,2.13,2.97,9.06,1.08,2.496,9.83,3.4,0.22,1.43,14.5,12.5,0.87,0.158,1.18,0.96,13.7,0.73,7.48,0.545,1.99,0.865,0.88,0.79,3.396,0.975,4.78,5.05,0.335
25/8/2020,1.49,13.2,2.12,2.94,9.05,1.1,2.482,9.65,3.39,0.225,1.42,14.68,12.66,0.855,0.145,1.19,0.9,13.66,0.73,7.49,0.54,1.99,0.86,0.86,0.79,3.392,0.96,4.78,5,0.34
26/8/2020,1.48,13.24,2.14,3.05,9.17,1.13,2.467,9.75,3.37,0.25,1.42,14.68,12.64,0.855,0.149,1.2,0.875,13.64,0.73,7.46,0.54,1.94,0.85,0.865,0.82,3.32,0.97,4.68,5.05,0.36
27/8/2020,1.47,13.48,2.14,3.02,9.29,1.11,2.467,9.65,3.37,0.235,1.44,14.64,12.6,0.855,0.158,1.33,0.86,13.68,0.725,7.46,0.57,1.94,0.895,0.88,0.82,3.324,0.97,4.68,4.99,0.34
28/8/2020,1.49,14.02,2.19,2.92,9.04,1.13,2.654,9.69,3.3,0.235,1.46,14,12.34,0.82,0.149,1.31,0.84,13.68,0.725,7.33,0.58,1.94,0.925,0.875,0.825,3.284,0.965,4.58,5.05,0.35
31/8/2020,1.49,14.02,2.19,2.92,9.04,1.13,2.654,9.69,3.3,0.235,1.46,14,12.34,0.82,0.149,1.31,0.84,13.68,0.725,7.33,0.58,1.94,0.925,0.875,0.825,3.284,0.965,4.58,5.05,0.35
1/9/2020,1.47,13.96,2.15,2.94,9.2,1.1,2.546,9.6,3.2,0.23,1.45,14.66,13,0.815,0.154,1.27,0.845,13.64,0.725,7.13,0.57,1.94,0.975,0.875,0.85,3.184,0.97,4.67,4.98,0.355
2/9/2020,1.46,13.8,2.18,3.04,9.31,1.09,2.561,9.58,3.28,0.235,1.46,14.86,13.34,0.83,0.154,1.26,0.84,13.34,0.72,7.25,0.565,1.94,1.04,0.87,0.84,3.228,0.98,4.73,5,0.36
3/9/2020,1.45,13.86,2.17,3.03,9.32,1.03,2.554,9.55,3.25,0.23,1.44,14.74,13.78,0.81,0.154,1.24,0.81,13.22,0.725,7.21,0.56,1.94,0.985,0.88,0.845,3.22,0.97,4.7,4.92,0.35
4/9/2020,1.45,13.7,2.17,3.02,9.2,1.03,2.539,9.5,3.26,0.23,1.45,14.88,13.78,0.795,0.149,1.22,0.785,13.18,0.725,7.21,0.555,1.98,1,0.875,0.8,3.2,0.98,4.68,5,0.355
7/9/2020,1.44,13.7,2.17,3.02,9.3,1,2.546,9.34,3.24,0.25,1.44,14.82,13.84,0.775,0.149,1.23,0.735,13.06,0.72,7.26,0.56,1.98,1,0.875,0.8,3.212,0.975,4.69,5,0.365
8/9/2020,1.43,13.62,2.19,3.04,9.2,0.995,2.582,8.81,3.23,0.25,1.44,14.8,14,0.775,0.145,1.25,0.715,12.96,0.7,7.5,0.555,2,0.98,0.885,0.82,3.2,0.95,4.7,4.95,0.355
9/9/2020,1.42,13.6,2.17,3,9.14,0.995,2.546,8.43,3.2,0.235,1.43,14.78,13.9,0.785,0.14,1.25,0.685,12.98,0.7,7.45,0.545,1.98,1.01,0.87,0.82,3.22,0.96,4.66,4.9,0.355
10/9/2020,1.4,13.56,2.2,3.03,9.1,0.99,2.546,8.1,3.18,0.235,1.42,14.8,13.82,0.76,0.122,1.22,0.675,13,0.69,7.5,0.54,1.97,0.99,0.88,0.82,3.236,0.95,4.7,4.89,0.35
11/9/2020,1.41,13.68,2.19,3,9.13,0.99,2.532,8.79,3.17,0.235,1.42,14.8,13.7,0.765,0.131,1.22,0.75,13,0.69,7.45,0.55,1.97,0.995,0.87,0.83,3.216,0.96,4.63,4.91,0.35
14/9/2020,1.44,13.62,2.16,3.03,9.17,0.965,2.532,8.6,3.15,0.23,1.42,14.8,13.68,0.765,0.14,1.22,0.755,12.9,0.73,7.28,0.54,1.96,0.995,0.86,0.825,3.208,0.96,4.63,4.92,0.345
15/9/2020,1.43,13.64,2.17,3,9.1,0.96,2.532,8.66,3.23,0.23,1.43,14.8,13.92,0.76,0.14,1.2,0.755,13,0.71,7.5,0.54,1.96,1,0.86,0.82,3.34,0.965,4.65,5.03,0.34
16/9/2020,1.43,13.64,2.17,3,9.1,0.96,2.532,8.66,3.23,0.23,1.43,14.8,13.92,0.76,0.14,1.2,0.755,13,0.71,7.5,0.54,1.96,1,0.86,0.82,3.34,0.965,4.65,5.03,0.34
17/9/2020,1.41,13.66,2.19,3.03,9.2,0.96,2.532,8.6,3.18,0.23,1.43,14.9,14.1,0.76,0.136,1.23,0.745,13,0.71,7.37,0.545,1.96,0.99,0.865,0.835,3.3,0.965,4.68,4.96,0.335
18/9/2020,1.42,13.7,2.19,3.01,9.21,0.995,2.589,8.7,3.16,0.24,1.46,14.76,14.32,0.765,0.136,1.28,0.74,13,0.715,7.21,0.535,2,1.05,0.85,0.82,3.188,0.965,4.72,4.91,0.335
21/9/2020,1.41,13.7,2.22,3.01,9.44,0.95,2.532,8.59,3.12,0.24,1.44,14.84,13.96,0.76,0.122,1.28,0.7,13,0.715,7.19,0.535,1.98,1.03,0.86,0.82,3.136,0.965,4.74,5,0.335
22/9/2020,1.42,13.7,2.21,3.03,9.81,0.945,2.539,8.49,3.12,0.24,1.4,14.94,14.46,0.76,0.122,1.28,0.7,13,0.715,7.2,0.53,1.98,1.07,0.86,0.81,3.172,0.965,4.75,4.99,0.325
23/9/2020,1.4,13.66,2.18,3.03,9.64,0.945,2.51,8.43,3.1,0.24,1.4,14.9,14.12,0.76,0.122,1.26,0.68,12.98,0.715,7.17,0.53,1.98,1.05,0.83,0.82,3.128,0.965,4.64,4.96,0.315
24/9/2020,1.42,13.64,2.17,2.95,10.02,0.945,2.482,8.36,3.05,0.225,1.41,14.9,13.86,0.75,0.118,1.26,0.685,12.98,0.69,7.09,0.53,1.98,1.02,0.83,0.82,3.104,0.965,4.59,4.97,0.31
25/9/2020,1.4,13.7,2.18,2.94,10.8,0.925,2.475,8.56,3.06,0.225,1.4,14.84,13.8,0.76,0.113,1.25,0.715,12.98,0.67,7.08,0.52,2,1.03,0.835,0.825,3.088,0.96,4.6,5,0.33
28/9/2020,1.4,13.66,2.2,2.9,10.8,0.88,2.424,8.56,3.07,0.225,1.43,14.96,13.84,0.76,0.118,1.25,0.715,13,0.675,7.1,0.525,2,1.03,0.81,0.83,3.084,0.96,4.53,4.91,0.32
29/9/2020,1.4,13.68,2.19,2.94,10.6,0.87,2.439,8.59,3.09,0.225,1.39,15,14.08,0.765,0.118,1.25,0.71,13,0.675,7.16,0.515,2,1.02,0.81,0.83,3.116,0.95,4.53,4.92,0.31
30/9/2020,1.4,13.66,2.19,3,10.38,0.87,2.51,8.48,3.08,0.225,1.36,15.04,14.28,0.765,0.131,1.25,0.695,12.92,0.68,7.22,0.51,2,0.98,0.875,0.83,3.14,0.95,4.57,4.91,0.315
1/10/2020,1.42,13.88,2.2,2.99,10.3,0.87,2.467,8.3,3.08,0.225,1.38,15,14,0.765,0.127,1.25,0.685,12.94,0.68,7.18,0.515,2,0.95,0.895,0.84,3.156,0.95,4.5,4.95,0.32
2/10/2020,1.41,13.86,2.22,3,10.14,0.84,2.46,8.36,3.06,0.225,1.38,15,13.84,0.76,0.118,1.25,0.675,12.96,0.68,7.11,0.51,2.03,0.935,0.905,0.84,3.148,0.94,4.5,4.96,0.315
5/10/2020,1.42,13.8,2.19,2.97,10.34,0.84,2.439,8.5,3.06,0.22,1.41,15,14.2,0.765,0.113,1.25,0.685,12.96,0.66,7.12,0.515,1.99,0.915,0.92,0.84,3.16,0.945,4.5,4.9,0.325
6/10/2020,1.41,13.82,2.19,2.97,10.26,0.84,2.446,8.42,3.05,0.22,1.41,15,14.22,0.755,0.118,1.25,0.685,12.9,0.68,7.19,0.51,1.98,0.915,0.89,0.85,3.168,0.94,4.56,4.89,0.32
7/10/2020,1.4,13.7,2.17,2.92,10.22,0.84,2.424,8.45,3.03,0.22,1.4,14.88,13.86,0.77,0.113,1.25,0.69,12.8,0.66,7.1,0.51,1.98,0.91,0.9,0.86,3.116,0.945,4.49,4.88,0.32
8/10/2020,1.4,13.68,2.19,2.98,10.2,0.845,2.439,8.37,3.11,0.22,1.41,15.2,14.48,0.78,0.113,1.25,0.685,12.78,0.66,7.3,0.51,1.99,0.915,0.91,0.84,3.2,0.955,4.56,4.88,0.32
9/10/2020,1.41,13.82,2.24,2.98,10.2,0.845,2.446,8.45,3.16,0.22,1.39,15.1,14.38,0.785,0.118,1.25,0.695,12.8,0.66,7.4,0.515,1.98,0.91,0.95,0.82,3.228,0.965,4.52,4.92,0.325
12/10/2020,1.4,13.84,2.24,2.98,10.2,0.85,2.432,8.37,3.1,0.22,1.4,15,14.46,0.77,0.113,1.25,0.69,12.9,0.66,7.35,0.505,1.97,0.91,0.995,0.83,3.164,0.95,4.49,4.87,0.32
13/10/2020,1.4,13.82,2.24,2.94,10.08,0.85,2.453,8.36,3.11,0.22,1.4,15,14.58,0.76,0.113,1.25,0.695,12.9,0.66,7.35,0.505,1.97,0.91,0.98,0.83,3.192,0.96,4.43,4.84,0.325
14/10/2020,1.39,13.72,2.22,2.91,10.1,0.85,2.453,8.48,3.05,0.215,1.4,15,14.3,0.755,0.122,1.2,0.7,12.82,0.66,7.24,0.51,1.97,0.895,1,0.85,3.188,0.95,4.34,4.88,0.32
15/10/2020,1.41,13.78,2.23,2.88,10.06,0.865,2.446,8.8,3.05,0.24,1.43,15,14.16,0.75,0.122,1.23,0.725,12.82,0.65,7.21,0.505,1.97,0.87,0.97,0.84,3.22,0.955,4.34,4.88,0.32
16/10/2020,1.39,13.62,2.24,2.94,10.06,0.865,2.439,8.9,3.05,0.24,1.43,15,14.28,0.765,0.122,1.23,0.75,13.2,0.67,7.15,0.505,1.99,0.865,0.96,0.855,3.172,0.95,4.3,4.87,0.32
19/10/2020,1.41,13.76,2.25,2.95,10.06,0.87,2.446,8.93,3.06,0.225,1.39,14.96,14.48,0.77,0.122,1.2,0.745,13,0.68,7.2,0.505,1.95,0.88,0.98,0.83,3.168,0.955,4.32,4.83,0.32
20/10/2020,1.39,13.6,2.25,2.91,10,0.855,2.439,8.96,3.04,0.225,1.4,14.98,14.5,0.765,0.122,1.19,0.735,12.94,0.67,7.18,0.505,1.98,0.91,0.96,0.82,3.16,0.96,4.3,4.87,0.315
21/10/2020,1.39,13.56,2.32,2.92,9.91,0.87,2.489,8.85,3.03,0.225,1.4,15,14.52,0.765,0.118,1.17,0.725,12.94,0.665,7.15,0.505,1.95,0.92,0.95,0.825,3.152,0.955,4.35,4.85,0.31
22/10/2020,1.39,13.5,2.24,3.01,10.14,0.88,2.346,9,3.03,0.22,1.39,15,14.38,0.765,0.118,1.17,0.745,12.9,0.66,7.06,0.515,1.93,0.915,0.965,0.825,3.112,0.96,4.27,4.73,0.315
23/10/2020,1.38,13.54,2.24,2.95,9.99,0.9,2.353,8.8,3.05,0.22,1.39,14.98,14.54,0.76,0.118,1.17,0.755,12.9,0.635,7.08,0.51,1.92,0.89,0.93,0.83,3.168,0.955,4.3,4.72,0.305
26/10/2020,1.38,13.4,2.21,2.95,9.8,0.9,2.259,8.48,3.04,0.22,1.36,14.98,14.54,0.755,0.113,1.16,0.74,12.88,0.625,7.08,0.505,1.92,0.895,0.945,0.84,3.14,0.955,4.35,4.55,0.31
27/10/2020,1.38,13.32,2.24,2.94,9.7,0.88,2.252,8.52,3.04,0.22,1.38,14.96,14.88,0.755,0.113,1.16,0.745,12.86,0.625,7.07,0.505,1.92,0.88,0.92,0.83,3.144,0.955,4.32,4.56,0.305
28/10/2020,1.38,13.28,2.24,2.91,9.45,0.86,2.259,8.35,3,0.22,1.38,14.96,14.7,0.75,0.113,1.16,0.755,12.8,0.615,7.07,0.505,1.92,0.875,0.945,0.83,3.136,0.955,4.31,4.39,0.305
29/10/2020,1.38,13.28,2.24,2.91,9.45,0.86,2.259,8.35,3,0.22,1.38,14.96,14.7,0.75,0.113,1.16,0.755,12.8,0.615,7.07,0.505,1.92,0.875,0.945,0.83,3.136,0.955,4.31,4.39,0.305
30/10/2020,1.37,13.18,2.18,2.85,9.12,0.84,2.252,8.06,2.95,0.22,1.34,14.8,14.1,0.74,0.109,1.16,0.75,12.78,0.61,7,0.49,1.9,0.86,0.91,0.83,3.016,0.95,4.23,4.23,0.3
2/11/2020,1.35,13.18,2.18,2.8,9.06,0.87,2.245,7.83,2.9,0.22,1.33,14.78,14.02,0.73,0.113,1.16,0.74,12.78,0.595,7.01,0.485,1.9,0.83,0.885,0.84,2.984,0.95,4.33,4.26,0.295
3/11/2020,1.35,13.18,2.21,2.81,9.32,0.87,2.245,8.03,2.95,0.215,1.33,14.72,14.1,0.73,0.113,1.16,0.74,12.76,0.585,7,0.49,1.9,0.86,0.885,0.815,2.992,0.955,4.24,4.35,0.295
4/11/2020,1.37,13.14,2.25,2.82,9.41,0.87,2.259,8.23,2.97,0.215,1.35,14.52,14.2,0.745,0.109,1.16,0.75,12.68,0.615,7,0.5,1.9,0.855,0.91,0.84,2.972,0.955,4.25,4.4,0.295
5/11/2020,1.39,13.14,2.26,2.93,9.5,0.88,2.281,8.44,3.06,0.215,1.34,14.7,14.36,0.775,0.109,1.16,0.795,12.68,0.67,7.08,0.51,1.9,0.875,0.92,0.845,3,0.955,4.31,4.44,0.305
6/11/2020,1.4,13.16,2.29,3,9.65,0.9,2.274,8.5,3.1,0.22,1.35,14.74,14.64,0.785,0.118,1.16,0.795,12.7,0.68,7.18,0.515,1.92,0.89,0.92,0.85,3.044,0.96,4.35,4.47,0.31
9/11/2020,1.39,13.16,2.28,3.02,9.76,0.9,2.281,8.51,3.06,0.215,1.36,14.7,14.54,0.775,0.118,1.16,0.84,12.9,0.675,7.12,0.51,1.92,0.885,0.9,0.87,3.06,0.965,4.38,4.55,0.3
10/11/2020,1.46,13.62,2.36,3.13,10.7,0.9,2.439,8.6,3.38,0.215,1.35,16.18,15.1,0.775,0.113,1.22,0.85,12.9,0.685,7.66,0.55,2,0.895,0.925,0.865,3.44,0.97,4.85,4.56,0.345
11/11/2020,1.46,13.78,2.37,3.14,10.34,0.86,2.439,8.7,3.3,0.215,1.36,16.6,15.28,0.78,0.118,1.22,0.865,12.86,0.68,7.69,0.545,2,0.9,0.9,0.85,3.536,1.05,4.93,4.52,0.335
12/11/2020,1.49,13.8,2.38,3.17,10.36,0.915,2.482,8.58,3.39,0.22,1.38,16.7,15.5,0.785,0.136,1.22,0.865,12.88,0.695,7.8,0.55,2,0.91,0.92,0.85,3.584,1.08,4.98,4.56,0.345
13/11/2020,1.49,13.84,2.42,3.21,10.3,0.935,2.475,8.57,3.44,0.22,1.39,16.34,15.4,0.775,0.14,1.25,0.86,12.88,0.7,7.93,0.545,2.01,0.915,0.99,0.86,3.552,1.08,4.94,4.56,0.33
16/11/2020,1.6,14.02,2.56,3.37,10.6,0.96,2.582,8.59,3.77,0.22,1.41,17.06,15.66,0.835,0.131,1.26,0.88,13.2,0.695,8.14,0.615,2.04,0.965,0.99,0.82,3.696,1.12,5.18,4.88,0.35
17/11/2020,1.63,14.1,2.65,3.37,11.12,0.95,2.711,8.82,3.8,0.22,1.42,17.9,16,0.84,0.131,1.23,0.905,13.4,0.68,8.3,0.615,2.03,0.955,0.97,0.83,3.78,1.14,5.29,5,0.365
18/11/2020,1.61,14,2.62,3.37,11.2,0.915,2.632,8.72,3.72,0.23,1.42,17.78,16.24,0.825,0.127,1.21,0.895,13.3,0.68,8.23,0.6,2.03,0.935,0.97,0.83,3.812,1.135,5.18,4.8,0.36
19/11/2020,1.59,13.86,2.58,3.27,11.22,0.94,2.625,8.52,3.64,0.23,1.39,16.8,16.24,0.82,0.122,1.27,0.9,13,0.665,8.1,0.59,1.92,0.95,0.97,0.86,3.676,1.13,5.05,4.75,0.355
20/11/2020,1.59,13.8,2.59,3.3,11.2,0.95,2.625,8.57,3.64,0.23,1.41,16.9,16.06,0.83,0.136,1.27,0.905,12.9,0.67,8.16,0.595,1.92,0.94,0.99,0.85,3.66,1.13,5.01,4.73,0.355
23/11/2020,1.59,13.76,2.59,3.33,11.18,0.96,2.618,8.55,3.64,0.23,1.42,16.88,16.02,0.82,0.131,1.27,0.9,12.94,0.675,8.1,0.59,2,0.94,0.95,0.865,3.644,1.13,4.99,4.74,0.345
24/11/2020,1.58,13.7,2.56,3.3,10.94,0.925,2.618,8.2,3.64,0.24,1.41,16.84,15.9,0.805,0.127,1.25,0.895,12.94,0.665,8.13,0.57,2,0.935,0.93,0.86,3.676,1.085,4.98,4.78,0.35
25/11/2020,1.57,13.72,2.56,3.33,10.96,0.93,2.618,8.31,3.78,0.24,1.42,17.04,16.5,0.845,0.122,1.3,0.9,13,0.685,8.22,0.575,2,0.935,0.93,0.845,3.784,1.09,5.05,4.66,0.355
26/11/2020,1.6,13.7,2.59,3.43,10.8,0.925,2.604,8.37,3.81,0.24,1.46,17.08,16.26,0.84,0.122,1.28,0.895,13,0.685,8.19,0.57,1.96,0.935,0.93,0.84,3.744,1.115,5.07,4.7,0.35
27/11/2020,1.6,13.68,2.58,3.45,11,0.92,2.64,8.42,3.83,0.23,1.44,17.02,16.1,0.865,0.122,1.28,0.895,13,0.68,8.29,0.58,2.01,0.96,0.95,0.86,3.72,1.11,5.15,4.8,0.355
30/11/2020,1.56,13.68,2.63,3.32,10.46,0.95,2.654,8.2,3.63,0.24,1.45,17.18,16.4,0.865,0.122,1.33,0.915,13.1,0.68,7.9,0.585,2.01,0.955,0.99,0.85,3.48,1.115,5.15,4.71,0.37
1/12/2020,1.57,13.7,2.63,3.26,10.94,0.945,2.812,8.3,3.75,0.235,1.46,17.9,16.6,0.87,0.131,1.3,0.94,13,0.68,8.19,0.61,2.02,0.95,1,0.86,3.584,1.115,5.3,4.81,0.38
2/12/2020,1.59,13.7,2.64,3.22,11.2,0.94,2.805,8.3,3.79,0.235,1.46,18.12,16.66,0.89,0.127,1.32,0.925,12.98,0.68,8.27,0.61,2.01,0.94,1.01,0.875,3.588,1.105,5.34,4.8,0.415
3/12/2020,1.63,13.72,2.64,3.25,11.28,0.955,2.797,8.31,3.84,0.24,1.48,18.3,17.18,0.89,0.131,1.32,0.91,12.98,0.695,8.3,0.625,2.02,0.95,1,0.875,3.72,1.115,5.65,4.8,0.42
4/12/2020,1.63,13.8,2.74,3.31,11.8,0.96,2.805,8.31,3.9,0.245,1.44,18.1,17.22,0.88,0.131,1.54,0.91,12.98,0.685,8.2,0.625,2.02,0.945,0.995,0.875,3.72,1.14,5.56,4.88,0.43
7/12/2020,1.68,13.96,2.74,3.27,11.8,0.96,2.826,8.7,3.94,0.245,1.46,18.3,17.5,0.865,0.145,1.58,0.935,12.98,0.715,8.27,0.635,1.98,0.955,1.03,0.845,3.72,1.21,5.59,4.84,0.46
8/12/2020,1.69,13.98,2.7,3.26,11.7,0.96,2.812,8.7,3.93,0.245,1.44,18.22,17.2,0.895,0.19,1.5,0.945,13,0.7,8.24,0.63,2.04,0.96,1.06,0.855,3.692,1.225,5.6,4.85,0.45
9/12/2020,1.72,14.1,2.75,3.26,11.9,0.96,2.84,8.76,4.05,0.25,1.44,18.88,17.6,0.89,0.181,1.54,0.945,13.2,0.7,8.38,0.68,2.06,0.98,1.08,0.85,3.972,1.215,5.8,4.82,0.45
10/12/2020,1.79,14.02,2.85,3.5,11.9,0.965,3.084,8.71,4.28,0.25,1.45,18.9,18,0.885,0.185,1.56,0.935,13.2,0.71,8.38,0.72,2.06,1,1.14,0.85,4.04,1.195,5.85,4.81,0.44
11/12/2020,1.9,14.5,2.93,3.71,12.48,0.95,3.199,8.79,4.45,0.245,1.46,19,18.64,0.89,0.181,1.53,0.935,13.8,0.71,8.91,0.74,2.04,1.04,1.2,0.86,4.38,1.2,5.85,4.76,0.435
14/12/2020,1.89,14.74,2.95,3.7,12.14,0.955,3.199,8.82,4.48,0.245,1.47,18.6,18.68,0.9,0.199,1.5,0.935,13.94,0.8,8.9,0.71,2.05,1.01,1.23,0.865,4.26,1.22,5.85,4.77,0.445
15/12/2020,1.93,14.8,2.99,3.66,12.38,0.95,3.156,8.88,4.5,0.245,1.46,18.84,18.6,0.9,0.208,1.53,0.94,13.86,0.78,8.85,0.71,2.05,1.01,1.18,0.86,4.336,1.21,5.69,4.82,0.44
16/12/2020,1.91,14.9,2.99,3.66,12.2,0.955,3.156,8.94,4.5,0.245,1.45,18.7,18.6,0.905,0.217,1.5,0.94,13.86,0.78,8.81,0.695,2.05,1,1.21,0.87,4.376,1.245,5.7,4.8,0.43
17/12/2020,1.87,14.72,2.96,3.69,12.2,0.95,3.163,8.91,4.4,0.25,1.47,18.7,18.04,0.905,0.213,1.51,0.935,13.84,0.77,8.7,0.665,2.05,0.995,1.19,0.87,4.3,1.21,5.55,4.8,0.43
18/12/2020,1.85,14.68,2.9,3.57,12.08,0.95,3.163,8.8,4.38,0.25,1.44,18.58,18.56,0.905,0.195,1.51,0.93,13.82,0.77,8.46,0.68,2.05,1,1.18,0.87,4.128,1.2,5.39,4.8,0.425
21/12/2020,1.87,14.54,2.9,3.59,12.2,0.95,3.163,8.7,4.3,0.25,1.41,18.58,18.14,0.88,0.195,1.47,0.93,13.7,0.77,8.48,0.66,2.05,0.975,1.14,0.87,4.132,1.24,5.44,4.81,0.425
22/12/2020,1.84,14.4,2.85,3.52,11.8,0.945,3.113,8.58,4.12,0.245,1.42,18.48,17.5,0.85,0.19,1.45,0.915,13.54,0.75,8.4,0.645,2,0.945,1.09,0.87,4.092,1.27,5.4,4.81,0.41
23/12/2020,1.86,14.46,2.89,3.58,11.76,0.935,3.12,8.47,4.21,0.245,1.42,18.52,17.5,0.87,0.195,1.45,0.92,13.78,0.775,8.49,0.68,2.05,0.95,1.11,0.87,4.12,1.275,5.46,4.81,0.4
24/12/2020,1.82,14.56,2.89,3.63,11.64,0.925,3.12,8.5,4.19,0.245,1.45,18.48,17.6,0.88,0.195,1.5,0.92,13.7,0.755,8.44,0.67,2.05,0.955,1.1,0.87,4.112,1.285,5.5,4.8,0.4
25/12/2020,1.82,14.56,2.89,3.63,11.64,0.925,3.12,8.5,4.19,0.245,1.45,18.48,17.6,0.88,0.195,1.5,0.92,13.7,0.755,8.44,0.67,2.05,0.955,1.1,0.87,4.112,1.285,5.5,4.8,0.4
28/12/2020,1.83,14.68,2.91,3.65,11.78,0.915,3.07,8.37,4.3,0.245,1.42,18.6,18.02,0.895,0.19,1.52,0.905,13.74,0.755,8.54,0.675,2.05,0.955,1.06,0.89,4.156,1.345,5.54,4.82,0.41
29/12/2020,1.84,14.52,2.93,3.66,12.08,0.945,3.077,8.4,4.35,0.24,1.43,18.48,18,0.9,0.185,1.52,0.915,13.68,0.755,8.58,0.685,2.01,0.96,1.11,0.88,4.14,1.38,5.53,4.82,0.44
30/12/2020,1.84,14.8,2.95,3.7,12.08,0.955,3.077,8.4,4.38,0.235,1.45,18.56,18.08,0.905,0.185,1.52,0.915,13.72,0.765,8.57,0.68,2.01,0.97,1.1,0.87,4.14,1.385,5.5,4.83,0.44
31/12/2020,1.84,14.78,2.91,3.65,12,0.96,3.056,8.3,4.3,0.23,1.45,18.2,18.06,0.94,0.19,1.5,0.95,13.72,0.775,8.46,0.675,2.01,0.975,1.09,0.87,4.12,1.375,5.45,4.84,0.435
